{"mean":{"confidence_interval":{"confidence_level":0.95,"lower_bound":587019020.35,"upper_bound":736122055.55},"point_estimate":656062334.45,"standard_error":38085668.86373631},"median":{"confidence_interval":{"confidence_level":0.95,"lower_bound":572770486.5,"upper_bound":744412442.5},"point_estimate":595848350.25,"standard_error":48038013.19160755},"median_abs_dev":{"confidence_interval":{"confidence_level":0.95,"lower_bound":1265359.4179853797,"upper_bound":187395920.52245736},"point_estimate":34506217.11239219,"standard_error":50592884.98740648},"slope":null,"std_dev":{"confidence_interval":{"confidence_level":0.95,"lower_bound":18622284.994634647,"upper_bound":158672863.39014062},"point_estimate":125019017.86324577,"standard_error":30693164.813145515}}