{"mean":{"confidence_interval":{"confidence_level":0.95,"lower_bound":2299461024.2,"upper_bound":2363202349.6},"point_estimate":2331433676.2,"standard_error":16279271.32435399},"median":{"confidence_interval":{"confidence_level":0.95,"lower_bound":2290959283.0,"upper_bound":2389890962.0},"point_estimate":2320792951.5,"standard_error":21177921.234966956},"median_abs_dev":{"confidence_interval":{"confidence_level":0.95,"lower_bound":2520729.077348113,"upper_bound":100921986.45437658},"point_estimate":44749103.7350446,"standard_error":27608187.105761837},"slope":null,"std_dev":{"confidence_interval":{"confidence_level":0.95,"lower_bound":30218431.768911947,"upper_bound":67129645.6859122},"point_estimate":54107802.043674536,"standard_error":9466883.358371265}}