{"mean":{"confidence_interval":{"confidence_level":0.95,"lower_bound":1163010403.4,"upper_bound":1396012285.5},"point_estimate":1268699554.1,"standard_error":59663359.81609266},"median":{"confidence_interval":{"confidence_level":0.95,"lower_bound":1132230446.0,"upper_bound":1400810417.0},"point_estimate":1182676231.5,"standard_error":72005998.22302647},"median_abs_dev":{"confidence_interval":{"confidence_level":0.95,"lower_bound":17956552.576607466,"upper_bound":311583916.1858797},"point_estimate":83769196.54279947,"standard_error":77053517.55450837},"slope":null,"std_dev":{"confidence_interval":{"confidence_level":0.95,"lower_bound":49896238.18229305,"upper_bound":262741291.6031418},"point_estimate":198778094.36845514,"standard_error":50920361.68132563}}