{"mean":{"confidence_interval":{"confidence_level":0.95,"lower_bound":391244211.1999999,"upper_bound":482202326.2},"point_estimate":435139873.3333334,"standard_error":23210336.267399464},"median":{"confidence_interval":{"confidence_level":0.95,"lower_bound":359401240.6666667,"upper_bound":498699144.6666666},"point_estimate":433361059.6666666,"standard_error":33900385.821699664},"median_abs_dev":{"confidence_interval":{"confidence_level":0.95,"lower_bound":15907081.738492861,"upper_bound":138731050.8321315},"point_estimate":90912187.77498601,"standard_error":32500087.2310012},"slope":null,"std_dev":{"confidence_interval":{"confidence_level":0.95,"lower_bound":43631779.746838845,"upper_bound":93639526.89257896},"point_estimate":76757876.67333125,"standard_error":12613406.467176339}}