{"mean":{"confidence_interval":{"confidence_level":0.95,"lower_bound":6481784786.8575,"upper_bound":6705245554.1},"point_estimate":6587513039.5,"standard_error":56970034.54064922},"median":{"confidence_interval":{"confidence_level":0.95,"lower_bound":6481746567.0,"upper_bound":6688650036.5},"point_estimate":6546442695.0,"standard_error":58426616.2209532},"median_abs_dev":{"confidence_interval":{"confidence_level":0.95,"lower_bound":23072205.964386463,"upper_bound":311124153.7797421},"point_estimate":120680091.4783001,"standard_error":72256262.19138043},"slope":null,"std_dev":{"confidence_interval":{"confidence_level":0.95,"lower_bound":83201129.2328506,"upper_bound":263356260.4767785},"point_estimate":193493449.12567583,"standard_error":48130092.90085578}}